,0
rf0553,notinAGNsample
rf0554,notinAGNsample
rf0103,notinAGNsample
rf0555,notinAGNsample
rs1414,notinAGNsample
rf0556,notinAGNsample
rf0557,notinAGNsample
rf0623,notinAGNsample
rs1228,notinAGNsample
rs1229,notinAGNsample
rs1220,defstarform
rs1221,notinAGNsample
rs1222,notinAGNsample
rs1223,notinAGNsample
rs1224,notinAGNsample
rs1225,notinAGNsample
rs1226,notinAGNsample
rs1227,notinAGNsample
rs0595,notinAGNsample
rs0594,notinAGNsample
rs0597,notinAGNsample
rs0596,notinAGNsample
rs0591,defstarform
rs0590,notinAGNsample
rs0593,notinAGNsample
rs0592,notinAGNsample
rf0089,notinAGNsample
rs0599,notinAGNsample
rs0598,notinAGNsample
rf0204,defstarform
rs0286,notinAGNsample
rf0290,notinAGNsample
rf0796,notinAGNsample
rf0206,notinAGNsample
rf0207,notinAGNsample
rf0460,notinAGNsample
rs0818,notinAGNsample
rf0568,notinAGNsample
rs1418,notinAGNsample
rf0506,notinAGNsample
rs1100,defstarform
rs0768,defstarform
rf0100,notinAGNsample
rs0898,notinAGNsample
rs0769,notinAGNsample
rf0469,notinAGNsample
rs0814,notinAGNsample
rf0461,defstarform
rs0767,notinAGNsample
rf0648,notinAGNsample
rs0764,notinAGNsample
rs0817,notinAGNsample
rs0762,notinAGNsample
rs1108,notinAGNsample
rs0760,notinAGNsample
rf0295,defagn
rs0761,notinAGNsample
rf0746,notinAGNsample
rf0795,defstarform
rf0439,defstarform
rf0027,notinAGNsample
rf0559,notinAGNsample
rf0761,notinAGNsample
rs0371,notinAGNsample
rs0370,notinAGNsample
rs0373,defstarform
rs0372,notinAGNsample
rs0375,notinAGNsample
rs0374,notinAGNsample
rs0377,notinAGNsample
rs0376,notinAGNsample
rs0379,notinAGNsample
rs0378,notinAGNsample
rf0278,notinAGNsample
rf0624,notinAGNsample
rf0699,notinAGNsample
rf0698,notinAGNsample
rs0278,notinAGNsample
rs0279,notinAGNsample
rf0625,notinAGNsample
rs0270,notinAGNsample
rs0271,notinAGNsample
rs0272,notinAGNsample
rs0273,defstarform
rs0274,notinAGNsample
rs0275,defstarform
rs0276,defstarform
rs0277,notinAGNsample
rf0751,notinAGNsample
rf0620,notinAGNsample
rf0763,notinAGNsample
rf0483,notinAGNsample
rf0621,notinAGNsample
rs0388,notinAGNsample
rs0389,notinAGNsample
rs0708,notinAGNsample
rs0709,notinAGNsample
rs0182,notinAGNsample
rs0183,defstarform
rs0180,notinAGNsample
rs0181,defagn
rs0186,notinAGNsample
rs0187,notinAGNsample
rs0184,notinAGNsample
rs0185,notinAGNsample
rs1453,notinAGNsample
rs1452,notinAGNsample
rs0188,notinAGNsample
rs0189,notinAGNsample
rs1457,notinAGNsample
rs1456,notinAGNsample
rs1455,notinAGNsample
rs1454,notinAGNsample
rf0110,notinAGNsample
rf0628,notinAGNsample
rf0041,notinAGNsample
rf0629,notinAGNsample
rs0706,notinAGNsample
rf0516,notinAGNsample
rf0745,notinAGNsample
rf0744,notinAGNsample
rf0668,notinAGNsample
rs0707,notinAGNsample
rf0741,notinAGNsample
rf0254,notinAGNsample
rf0743,notinAGNsample
rf0742,notinAGNsample
rf0662,notinAGNsample
rf0663,defstarform
rf0660,notinAGNsample
rf0661,notinAGNsample
rf0666,notinAGNsample
rf0667,notinAGNsample
rf0664,notinAGNsample
rf0665,notinAGNsample
rf0111,notinAGNsample
rf0195,notinAGNsample
rf0510,notinAGNsample
rf0429,notinAGNsample
rf0695,notinAGNsample
rf0112,notinAGNsample
rf0521,notinAGNsample
rf0520,notinAGNsample
rf0523,notinAGNsample
rf0522,notinAGNsample
rf0525,notinAGNsample
rf0524,notinAGNsample
rs0698,notinAGNsample
rs0699,notinAGNsample
rs0696,notinAGNsample
rs0697,notinAGNsample
rs0694,notinAGNsample
rs0695,notinAGNsample
rs0692,notinAGNsample
rs0693,notinAGNsample
rs0690,notinAGNsample
rs0691,notinAGNsample
rs0050,notinAGNsample
rs0118,notinAGNsample
rs0052,defstarform
rs0053,defagn
rs0054,defstarform
rs0055,notinAGNsample
rs0056,notinAGNsample
rs0057,notinAGNsample
rs0111,notinAGNsample
rs0110,notinAGNsample
rs0113,defstarform
rs0112,notinAGNsample
rs0115,notinAGNsample
rs0114,notinAGNsample
rs0117,notinAGNsample
rf0400,defstarform
rf0304,notinAGNsample
rf0539,notinAGNsample
rf0641,notinAGNsample
rf0642,defstarform
rf0550,notinAGNsample
rf0300,notinAGNsample
rf0352,notinAGNsample
rf0353,notinAGNsample
rf0299,notinAGNsample
rf0298,defstarform
rf0356,notinAGNsample
rf0357,notinAGNsample
rf0354,defstarform
rf0355,notinAGNsample
rf0293,notinAGNsample
rf0292,defstarform
rf0585,notinAGNsample
rf0302,notinAGNsample
rf0297,defstarform
rf0296,notinAGNsample
rf0130,notinAGNsample
rf0294,notinAGNsample
rs0605,notinAGNsample
rs0604,notinAGNsample
rs0607,notinAGNsample
rs0606,notinAGNsample
rf0590,notinAGNsample
rs0600,notinAGNsample
rs0603,notinAGNsample
rs0602,notinAGNsample
rf0455,notinAGNsample
rf0551,notinAGNsample
rf0457,notinAGNsample
rf0456,notinAGNsample
rs0609,notinAGNsample
rs0608,notinAGNsample
rf0366,defstarform
rf0649,notinAGNsample
rf0738,notinAGNsample
rf0438,notinAGNsample
rf0458,notinAGNsample
rf0691,notinAGNsample
rf0552,notinAGNsample
rf0739,notinAGNsample
rs0461,notinAGNsample
rs0460,defstarform
rs0463,defstarform
rs0462,notinAGNsample
rs0465,notinAGNsample
rs0464,notinAGNsample
rs0467,notinAGNsample
rs0466,notinAGNsample
rs0469,notinAGNsample
rs0468,defstarform
rf0189,notinAGNsample
rf0188,notinAGNsample
rs0748,notinAGNsample
rs0749,notinAGNsample
rf0214,notinAGNsample
rs1129,defagn
rs1128,defstarform
rs0740,notinAGNsample
rs0741,defstarform
rs0742,notinAGNsample
rs0743,notinAGNsample
rs0744,notinAGNsample
rs0745,composite
rs0746,notinAGNsample
rs1120,notinAGNsample
rf0767,notinAGNsample
rf0401,notinAGNsample
rs0280,notinAGNsample
rf0765,notinAGNsample
rs0999,notinAGNsample
rs0998,notinAGNsample
rf0118,notinAGNsample
rs0991,defstarform
rs0990,notinAGNsample
rs0993,notinAGNsample
rs0992,notinAGNsample
rs0995,defstarform
rs0994,notinAGNsample
rs0997,defstarform
rs0996,notinAGNsample
rs1022,notinAGNsample
rs1023,composite
rs1349,notinAGNsample
rs1348,notinAGNsample
rs1026,notinAGNsample
rs1027,notinAGNsample
rs1024,notinAGNsample
rs1025,composite
rs1343,notinAGNsample
rs0263,notinAGNsample
rs1341,notinAGNsample
rs1340,notinAGNsample
rs1347,notinAGNsample
rs1346,notinAGNsample
rs1345,notinAGNsample
rs0262,defstarform
rs0902,notinAGNsample
rs0903,notinAGNsample
rs0900,defstarform
rs0901,notinAGNsample
rs0519,defstarform
rs0518,notinAGNsample
rs0904,notinAGNsample
rs0905,notinAGNsample
rs0515,notinAGNsample
rs0514,notinAGNsample
rs0517,defstarform
rs0516,defstarform
rs0511,notinAGNsample
rs0510,notinAGNsample
rs0513,notinAGNsample
rs0512,notinAGNsample
rf0275,notinAGNsample
rf0070,notinAGNsample
rf0178,notinAGNsample
rf0113,notinAGNsample
rs0869,defstarform
rs0868,defstarform
rf0273,notinAGNsample
rf0272,notinAGNsample
rs0865,notinAGNsample
rs0864,notinAGNsample
rs0867,notinAGNsample
rs0866,notinAGNsample
rs0861,notinAGNsample
rs0860,notinAGNsample
rs0863,notinAGNsample
rs0862,notinAGNsample
rf0047,notinAGNsample
rf0116,notinAGNsample
rf0240,notinAGNsample
rf0117,notinAGNsample
rs0658,notinAGNsample
rf0059,notinAGNsample
rs1237,notinAGNsample
rs1236,notinAGNsample
rs1235,notinAGNsample
rs1234,notinAGNsample
rs1233,notinAGNsample
rs1232,notinAGNsample
rs1231,notinAGNsample
rs1230,notinAGNsample
rf0569,notinAGNsample
rs0268,defstarform
rs0889,notinAGNsample
rs1239,notinAGNsample
rs1238,notinAGNsample
rs0179,notinAGNsample
rs0888,notinAGNsample
rf0158,notinAGNsample
rs1338,notinAGNsample
rs1339,notinAGNsample
rs1336,notinAGNsample
rs1337,defstarform
rs1334,notinAGNsample
rs1335,notinAGNsample
rs1332,notinAGNsample
rs1333,notinAGNsample
rs1330,notinAGNsample
rs1331,notinAGNsample
rf0006,notinAGNsample
rf0007,notinAGNsample
rf0004,notinAGNsample
rf0005,notinAGNsample
rf0002,composite
rf0003,defstarform
rf0001,defstarform
rf0056,notinAGNsample
rf0567,notinAGNsample
rf0008,notinAGNsample
rf0009,notinAGNsample
rf0122,notinAGNsample
rf0566,notinAGNsample
rf0690,notinAGNsample
rs0656,defstarform
rf0431,notinAGNsample
rf0075,notinAGNsample
rs0657,notinAGNsample
rf0279,notinAGNsample
rf0563,notinAGNsample
rf0562,notinAGNsample
rf0430,notinAGNsample
rf0074,notinAGNsample
rs1114,notinAGNsample
rf0564,notinAGNsample
rs0793,notinAGNsample
rf0167,notinAGNsample
rs0792,notinAGNsample
rf0280,defstarform
rs0823,defstarform
rs0790,notinAGNsample
rf0053,defstarform
rs0797,defstarform
rs1113,notinAGNsample
rs0133,defstarform
rf0762,notinAGNsample
rf0436,notinAGNsample
rs0795,notinAGNsample
rs0132,notinAGNsample
rf0643,notinAGNsample
rs0794,notinAGNsample
rf0509,notinAGNsample
rs0410,notinAGNsample
rf0508,notinAGNsample
rs0411,defstarform
rs0412,notinAGNsample
rs0267,defstarform
rs0266,composite
rs0265,notinAGNsample
rs0264,defstarform
rs0348,notinAGNsample
rs0349,defstarform
rs0261,composite
rs0260,notinAGNsample
rs0344,defstarform
rs0345,defstarform
rs0346,notinAGNsample
rs0347,notinAGNsample
rs0340,notinAGNsample
rs0341,defstarform
rs0269,notinAGNsample
rs0343,notinAGNsample
rf0503,sftoagn
rs0416,defstarform
rf0502,notinAGNsample
rs0417,notinAGNsample
rs0139,notinAGNsample
rf0078,notinAGNsample
rs0138,defstarform
rf0463,notinAGNsample
rf0142,notinAGNsample
rf0244,notinAGNsample
rf0505,notinAGNsample
rf0248,defagn
rf0451,notinAGNsample
rs0191,notinAGNsample
rs0190,notinAGNsample
rs0193,notinAGNsample
rs0192,notinAGNsample
rs0195,notinAGNsample
rs0194,notinAGNsample
rs0197,notinAGNsample
rs0196,defagn
rs0199,notinAGNsample
rs0198,notinAGNsample
rf0658,notinAGNsample
rs0171,notinAGNsample
rf0249,defstarform
rf0450,notinAGNsample
rf0798,notinAGNsample
rf0547,notinAGNsample
rf0679,notinAGNsample
rs1174,notinAGNsample
rs0298,notinAGNsample
rs0299,notinAGNsample
rf0774,notinAGNsample
rf0775,notinAGNsample
rf0776,notinAGNsample
rs1175,notinAGNsample
rs0292,notinAGNsample
rs0293,notinAGNsample
rs0290,notinAGNsample
rs0291,notinAGNsample
rs0296,notinAGNsample
rs0297,notinAGNsample
rs0294,notinAGNsample
rs0295,notinAGNsample
rs1177,notinAGNsample
rs0735,notinAGNsample
rs1171,defstarform
rs1501,notinAGNsample
rs1172,defstarform
rs1500,notinAGNsample
rs1173,notinAGNsample
rs1503,notinAGNsample
rs0124,sftoagn
rs0125,notinAGNsample
rs0126,notinAGNsample
rs0127,defstarform
rs0120,notinAGNsample
rs0121,notinAGNsample
rs0122,defstarform
rs0123,notinAGNsample
rs0685,notinAGNsample
rs0684,notinAGNsample
rs0687,notinAGNsample
rs0686,notinAGNsample
rs0681,notinAGNsample
rs0680,notinAGNsample
rs0683,notinAGNsample
rs0682,notinAGNsample
rf0146,notinAGNsample
rf0375,defagn
rs1507,notinAGNsample
rs0049,notinAGNsample
rs0048,notinAGNsample
rs0047,notinAGNsample
rs0046,defstarform
rs0045,notinAGNsample
rs0044,notinAGNsample
rs0043,notinAGNsample
rs0042,notinAGNsample
rs0041,notinAGNsample
rs0040,notinAGNsample
rs1509,notinAGNsample
rs1508,notinAGNsample
rf0127,defagn
rf0501,notinAGNsample
rf0145,notinAGNsample
rf0341,notinAGNsample
rf0340,defstarform
rf0343,defstarform
rf0342,notinAGNsample
rf0345,notinAGNsample
rf0344,notinAGNsample
rf0347,notinAGNsample
rf0346,notinAGNsample
rf0349,notinAGNsample
rf0348,defstarform
rs1112,agntosf
rf0126,notinAGNsample
rf0500,defstarform
rf0144,notinAGNsample
rs0630,notinAGNsample
rs0631,notinAGNsample
rs0632,notinAGNsample
rs0633,notinAGNsample
rs0634,notinAGNsample
rs0635,notinAGNsample
rs0636,notinAGNsample
rs0637,notinAGNsample
rs0638,notinAGNsample
rs0639,notinAGNsample
rf0589,notinAGNsample
rf0588,notinAGNsample
rf0464,defstarform
rs1279,notinAGNsample
rf0466,notinAGNsample
rf0467,notinAGNsample
rf0476,notinAGNsample
rs1371,notinAGNsample
rf0565,notinAGNsample
rf0507,notinAGNsample
rf0677,notinAGNsample
rf0725,notinAGNsample
rs0757,notinAGNsample
rs0756,sftoagn
rs0755,notinAGNsample
rs0754,notinAGNsample
rs0753,notinAGNsample
rs0752,notinAGNsample
rs0751,defstarform
rs0750,notinAGNsample
rs0454,notinAGNsample
rs0455,notinAGNsample
rs0456,notinAGNsample
rs0457,notinAGNsample
rs0450,notinAGNsample
rs0451,notinAGNsample
rs0759,notinAGNsample
rs0453,notinAGNsample
rf0196,notinAGNsample
rs1158,notinAGNsample
rs1159,defstarform
rf0498,notinAGNsample
rs1152,composite
rs1153,notinAGNsample
rs1150,defagn
rs1151,notinAGNsample
rs1156,defstarform
rs1157,defstarform
rs1154,defstarform
rs1155,notinAGNsample
rf0771,notinAGNsample
rf0141,notinAGNsample
rf0123,notinAGNsample
rf0149,notinAGNsample
rf0155,notinAGNsample
rf0770,notinAGNsample
rf0213,notinAGNsample
rf0428,defstarform
rs1127,notinAGNsample
rf0107,defstarform
rf0678,notinAGNsample
rf0772,notinAGNsample
rs1031,notinAGNsample
rs1030,defstarform
rs1033,notinAGNsample
rs1032,notinAGNsample
rs1035,defstarform
rs1034,notinAGNsample
rs1037,notinAGNsample
rs1036,composite
rs1039,notinAGNsample
rs1038,sftoagn
rf0399,defstarform
rs0911,notinAGNsample
rs0910,notinAGNsample
rs0913,notinAGNsample
rs0912,notinAGNsample
rs0915,notinAGNsample
rs0914,notinAGNsample
rs0917,notinAGNsample
rs0916,defstarform
rs0919,notinAGNsample
rs0918,notinAGNsample
rs0522,notinAGNsample
rs0523,notinAGNsample
rs0524,notinAGNsample
rs0525,notinAGNsample
rs0526,defstarform
rs0527,notinAGNsample
rs0858,notinAGNsample
rs0859,notinAGNsample
rf0242,notinAGNsample
rf0243,notinAGNsample
rf0561,notinAGNsample
rf0245,notinAGNsample
rf0246,defstarform
rf0247,defstarform
rs0850,notinAGNsample
rs0851,notinAGNsample
rs0852,notinAGNsample
rs0853,notinAGNsample
rs0854,notinAGNsample
rs0855,notinAGNsample
rs0856,notinAGNsample
rs0857,notinAGNsample
rs1125,notinAGNsample
rf0672,notinAGNsample
rf0671,notinAGNsample
rf0696,notinAGNsample
rf0545,notinAGNsample
rf0675,notinAGNsample
rf0673,notinAGNsample
rf0560,notinAGNsample
rs1242,notinAGNsample
rs1243,notinAGNsample
rs1240,notinAGNsample
rs1241,notinAGNsample
rs1246,notinAGNsample
rs1247,notinAGNsample
rs1244,notinAGNsample
rs1245,notinAGNsample
rf0693,notinAGNsample
rs1248,defstarform
rs1249,notinAGNsample
rf0210,notinAGNsample
rf0086,notinAGNsample
rs1084,defstarform
rs1085,notinAGNsample
rs1086,notinAGNsample
rs1087,notinAGNsample
rs1080,notinAGNsample
rs1081,defstarform
rs1082,defstarform
rs1083,defstarform
rs1325,notinAGNsample
rs1324,notinAGNsample
rs1326,notinAGNsample
rs1321,notinAGNsample
rs1320,notinAGNsample
rs1323,notinAGNsample
rs1322,notinAGNsample
rf0015,defstarform
rf0014,notinAGNsample
rf0017,defstarform
rf0016,defagn
rf0011,defstarform
rf0010,defstarform
rf0013,defagn
rf0012,notinAGNsample
rs0959,defstarform
rf0217,notinAGNsample
rf0019,notinAGNsample
rf0018,notinAGNsample
rs0958,defstarform
rf0408,notinAGNsample
rs0892,notinAGNsample
rf0140,notinAGNsample
rs0893,defstarform
rs0955,notinAGNsample
rf0114,notinAGNsample
rf0274,notinAGNsample
rs0954,notinAGNsample
rf0216,notinAGNsample
rf0425,notinAGNsample
rf0061,notinAGNsample
rs0957,defstarform
rs0484,notinAGNsample
rs0629,notinAGNsample
rf0269,notinAGNsample
rf0674,notinAGNsample
rs0483,notinAGNsample
rs0141,defstarform
rs1378,notinAGNsample
rs1019,notinAGNsample
rs0899,notinAGNsample
rs1390,notinAGNsample
rs1391,notinAGNsample
rs1392,notinAGNsample
rs1393,notinAGNsample
rs1394,notinAGNsample
rs1395,notinAGNsample
rs1396,notinAGNsample
rs1397,notinAGNsample
rs1398,notinAGNsample
rs1399,notinAGNsample
rs0952,notinAGNsample
rs1495,notinAGNsample
rs1494,notinAGNsample
rs0500,notinAGNsample
rf0128,notinAGNsample
rs1493,notinAGNsample
rs1492,notinAGNsample
rf0276,notinAGNsample
rs0621,notinAGNsample
rf0558,notinAGNsample
rf0063,notinAGNsample
rs0620,notinAGNsample
rf0670,notinAGNsample
rs1011,notinAGNsample
rs1010,notinAGNsample
rs0169,notinAGNsample
rf0420,notinAGNsample
rf0087,notinAGNsample
rf0132,composite
rs0212,notinAGNsample
rs0832,notinAGNsample
rs0210,notinAGNsample
rs0358,defstarform
rs0216,notinAGNsample
rs0217,notinAGNsample
rs0214,notinAGNsample
rs0833,defstarform
rs0353,notinAGNsample
rs0352,notinAGNsample
rs0218,defstarform
rs0350,defstarform
rs0357,notinAGNsample
rs0356,notinAGNsample
rs0354,defstarform
rf0421,notinAGNsample
rs0938,notinAGNsample
rs0780,notinAGNsample
rf0102,notinAGNsample
rf0773,notinAGNsample
rs0781,defstarform
rf0147,notinAGNsample
rs0834,notinAGNsample
rs0835,notinAGNsample
rf0219,notinAGNsample
rf0129,defstarform
rs0933,defstarform
rs1088,notinAGNsample
rs0932,defstarform
rs0689,notinAGNsample
rs0368,notinAGNsample
rf0191,notinAGNsample
rs0838,notinAGNsample
rs0688,notinAGNsample
rs0839,defstarform
rf0579,notinAGNsample
rs0788,defstarform
rf0445,notinAGNsample
rf0218,notinAGNsample
rf0423,notinAGNsample
rs0789,notinAGNsample
rf0644,notinAGNsample
rs1435,notinAGNsample
rf0646,notinAGNsample
rf0647,notinAGNsample
rf0640,notinAGNsample
rs0935,notinAGNsample
rs0328,notinAGNsample
rs0329,notinAGNsample
rs0326,notinAGNsample
rs0327,notinAGNsample
rs0324,notinAGNsample
rs0325,notinAGNsample
rs0322,notinAGNsample
rs0323,defstarform
rs0320,defstarform
rs0321,notinAGNsample
rs0289,notinAGNsample
rs0288,notinAGNsample
rs1436,notinAGNsample
rf0769,notinAGNsample
rf0768,notinAGNsample
rs0281,notinAGNsample
rs0128,notinAGNsample
rs0283,notinAGNsample
rs0282,defstarform
rs0285,notinAGNsample
rs0284,notinAGNsample
rs0287,notinAGNsample
rs0129,notinAGNsample
rf0386,defstarform
rs1433,notinAGNsample
rs1432,notinAGNsample
rf0380,notinAGNsample
rf0322,notinAGNsample
rs1408,notinAGNsample
rs1409,notinAGNsample
rs0131,notinAGNsample
rs0130,notinAGNsample
rs0137,defstarform
rs0136,composite
rs0135,notinAGNsample
rs0134,defstarform
rs1400,notinAGNsample
rs1401,notinAGNsample
rs1402,notinAGNsample
rs1403,notinAGNsample
rs1404,notinAGNsample
rs1405,notinAGNsample
rs1406,notinAGNsample
rs1407,notinAGNsample
rs0038,notinAGNsample
rs0039,defstarform
rf0440,notinAGNsample
rs0032,notinAGNsample
rs0033,notinAGNsample
rs0030,defstarform
rs0031,notinAGNsample
rs0037,notinAGNsample
rs0034,notinAGNsample
rs0035,defstarform
rf0514,notinAGNsample
rs0448,notinAGNsample
rs1512,notinAGNsample
rs1513,notinAGNsample
rs1459,notinAGNsample
rf0515,notinAGNsample
rf0151,notinAGNsample
rf0475,notinAGNsample
rs1458,notinAGNsample
rf0378,notinAGNsample
rf0379,notinAGNsample
rf0471,notinAGNsample
rf0470,notinAGNsample
rf0374,notinAGNsample
rs1516,notinAGNsample
rf0376,notinAGNsample
rf0377,defagn
rf0370,notinAGNsample
rs0441,notinAGNsample
rf0372,defagn
rs1517,notinAGNsample
rs0146,defstarform
rs0147,defstarform
rs0145,defstarform
rs0142,notinAGNsample
rs0143,defstarform
rs0140,defstarform
rs0628,notinAGNsample
rs0627,notinAGNsample
rs0626,notinAGNsample
rs0625,notinAGNsample
rs0624,notinAGNsample
rs0623,notinAGNsample
rs0622,notinAGNsample
rs0148,notinAGNsample
rs0149,notinAGNsample
rf0527,notinAGNsample
rf0504,notinAGNsample
rs1451,notinAGNsample
rs1450,notinAGNsample
rs0939,notinAGNsample
rf0517,notinAGNsample
rf0153,notinAGNsample
rs0722,notinAGNsample
rs0720,notinAGNsample
rs0721,notinAGNsample
rs0726,notinAGNsample
rs0727,defstarform
rs0724,defstarform
rs0725,notinAGNsample
rs0443,notinAGNsample
rs0442,notinAGNsample
rs0728,notinAGNsample
rs0729,notinAGNsample
rs0447,notinAGNsample
rs0446,notinAGNsample
rs0445,notinAGNsample
rs0444,defstarform
rs1149,notinAGNsample
rs1148,notinAGNsample
rf0031,defstarform
rf0576,notinAGNsample
rs1141,notinAGNsample
rs1140,notinAGNsample
rs1143,sftoagn
rs1142,notinAGNsample
rs1145,notinAGNsample
rs1144,notinAGNsample
rs1147,notinAGNsample
rs1146,notinAGNsample
rf0488,defstarform
rf0489,notinAGNsample
rf0482,notinAGNsample
rs1303,notinAGNsample
rf0480,notinAGNsample
rf0481,notinAGNsample
rf0486,notinAGNsample
rf0487,notinAGNsample
rf0484,notinAGNsample
rs1302,notinAGNsample
rf0133,notinAGNsample
rs0380,defstarform
rf0511,notinAGNsample
rs0537,notinAGNsample
rs0536,defstarform
rs0535,notinAGNsample
rs0534,notinAGNsample
rs1008,notinAGNsample
rs1009,notinAGNsample
rs0531,notinAGNsample
rs0530,notinAGNsample
rs1004,agntosf
rs1005,notinAGNsample
rs1006,notinAGNsample
rs1007,notinAGNsample
rs1000,notinAGNsample
rs1001,defstarform
rs1002,notinAGNsample
rs1003,notinAGNsample
rs0847,defstarform
rs0846,notinAGNsample
rs0845,notinAGNsample
rs0844,notinAGNsample
rs0843,notinAGNsample
rs0842,defstarform
rs0438,notinAGNsample
rs0439,notinAGNsample
rs0924,notinAGNsample
rs0437,defstarform
rs0926,notinAGNsample
rs0927,notinAGNsample
rs0920,notinAGNsample
rs0921,notinAGNsample
rs0849,notinAGNsample
rs0848,notinAGNsample
rf0396,defstarform
rf0397,composite
rf0394,notinAGNsample
rs1138,notinAGNsample
rf0392,defstarform
rs1309,notinAGNsample
rf0259,notinAGNsample
rf0258,defstarform
rf0257,notinAGNsample
rf0256,notinAGNsample
rf0255,notinAGNsample
rs1308,notinAGNsample
rf0253,notinAGNsample
rf0252,notinAGNsample
rf0251,defstarform
rf0250,defstarform
rf0575,notinAGNsample
rf0513,defstarform
rf0747,notinAGNsample
rf0694,notinAGNsample
rf0205,defstarform
rs1251,notinAGNsample
rs1250,notinAGNsample
rs1253,notinAGNsample
rs1252,notinAGNsample
rs1254,notinAGNsample
rs1257,defstarform
rs1256,notinAGNsample
rs1259,defstarform
rs1258,defstarform
rf0793,notinAGNsample
rf0572,notinAGNsample
rs1093,notinAGNsample
rs1092,notinAGNsample
rs1091,defstarform
rs1090,notinAGNsample
rs1097,notinAGNsample
rs1096,notinAGNsample
rs1095,notinAGNsample
rs1094,notinAGNsample
rs1310,notinAGNsample
rs1311,notinAGNsample
rs1099,notinAGNsample
rs1098,defstarform
rs1314,notinAGNsample
rs1315,notinAGNsample
rs1316,notinAGNsample
rs1317,notinAGNsample
rf0020,notinAGNsample
rs1089,notinAGNsample
rf0022,composite
rf0023,notinAGNsample
rf0024,defstarform
rf0025,notinAGNsample
rf0026,notinAGNsample
rs1510,notinAGNsample
rf0028,notinAGNsample
rf0029,defstarform
rs1439,notinAGNsample
rf0485,notinAGNsample
rf0573,notinAGNsample
rf0686,notinAGNsample
rf0051,notinAGNsample
rf0749,notinAGNsample
rs0360,notinAGNsample
rf0748,notinAGNsample
rs0088,defstarform
rs1438,notinAGNsample
rf0570,notinAGNsample
rf0687,notinAGNsample
rf0136,notinAGNsample
rf0137,notinAGNsample
rf0200,notinAGNsample
rf0134,defstarform
rf0135,notinAGNsample
rs1389,notinAGNsample
rs1388,notinAGNsample
rs1387,notinAGNsample
rs1386,notinAGNsample
rs1385,notinAGNsample
rs1384,notinAGNsample
rs1383,notinAGNsample
rs1382,notinAGNsample
rs1381,notinAGNsample
rs1380,notinAGNsample
rs1480,notinAGNsample
rs0342,notinAGNsample
rs0369,notinAGNsample
rs0948,notinAGNsample
rs1481,notinAGNsample
rs1176,notinAGNsample
rs0949,notinAGNsample
rf0757,notinAGNsample
rs1482,notinAGNsample
rs0946,notinAGNsample
rs1483,notinAGNsample
rf0389,notinAGNsample
rs0947,notinAGNsample
rs1484,notinAGNsample
rf0035,notinAGNsample
rs1485,notinAGNsample
rf0529,notinAGNsample
rf0034,notinAGNsample
rs1486,notinAGNsample
rf0689,notinAGNsample
rf0512,notinAGNsample
rf0033,notinAGNsample
rs1487,notinAGNsample
rf0032,notinAGNsample
rs1488,notinAGNsample
rf0388,defstarform
rs0937,notinAGNsample
rs1489,notinAGNsample
rs0533,notinAGNsample
rf0030,defstarform
rf0462,notinAGNsample
rs0532,defstarform
rs0201,defstarform
rs0200,notinAGNsample
rs0203,defstarform
rs0202,notinAGNsample
rs0205,notinAGNsample
rs0204,notinAGNsample
rs0207,notinAGNsample
rs0206,defstarform
rs0209,notinAGNsample
rs0208,notinAGNsample
rf0724,notinAGNsample
rf0465,notinAGNsample
rs1434,notinAGNsample
rf0680,notinAGNsample
rs0936,notinAGNsample
rf0681,notinAGNsample
rf0596,notinAGNsample
rf0802,notinAGNsample
rf0682,notinAGNsample
rf0800,notinAGNsample
rs0418,notinAGNsample
rf0683,notinAGNsample
rf0684,notinAGNsample
rs1499,notinAGNsample
rs1437,defstarform
rs0240,defstarform
rf0139,notinAGNsample
rf0571,notinAGNsample
rf0777,notinAGNsample
rs0539,notinAGNsample
rs0538,defstarform
rs0419,defstarform
rf0154,defstarform
rf0143,defstarform
rs1498,notinAGNsample
rf0156,notinAGNsample
rs0934,notinAGNsample
rf0653,notinAGNsample
rf0652,notinAGNsample
rf0651,notinAGNsample
rf0157,defstarform
rs0339,defstarform
rs0338,notinAGNsample
rf0655,notinAGNsample
rf0627,notinAGNsample
rs0335,notinAGNsample
rs0334,defstarform
rs0337,defstarform
rs0336,notinAGNsample
rs0331,notinAGNsample
rs0330,notinAGNsample
rs0333,notinAGNsample
rs0332,notinAGNsample
rf0718,notinAGNsample
rf0719,notinAGNsample
rs0841,notinAGNsample
rs1497,notinAGNsample
rf0712,notinAGNsample
rf0713,notinAGNsample
rs1431,notinAGNsample
rs0840,defstarform
rf0716,notinAGNsample
rf0717,notinAGNsample
rf0714,notinAGNsample
rf0715,notinAGNsample
rs0436,notinAGNsample
rf0094,notinAGNsample
rs0434,notinAGNsample
rs1417,notinAGNsample
rs1416,notinAGNsample
rs1415,notinAGNsample
rs0435,notinAGNsample
rs1413,notinAGNsample
rs1412,notinAGNsample
rs1411,notinAGNsample
rs1410,notinAGNsample
rs1430,notinAGNsample
rs0432,defstarform
rf0182,notinAGNsample
rs1429,notinAGNsample
rs1419,notinAGNsample
rs0433,notinAGNsample
rs1426,notinAGNsample
rf0782,notinAGNsample
rs0922,notinAGNsample
rs1427,notinAGNsample
rs0066,notinAGNsample
rs0923,notinAGNsample
rs1424,notinAGNsample
rf0657,notinAGNsample
rs0029,defagn
rs0028,notinAGNsample
rs0382,notinAGNsample
rs0383,notinAGNsample
rs0384,notinAGNsample
rs0385,notinAGNsample
rs0386,defstarform
rs0387,notinAGNsample
rs0021,notinAGNsample
rs0020,notinAGNsample
rs0023,defstarform
rs0022,composite
rs0025,notinAGNsample
rs0024,notinAGNsample
rs0027,notinAGNsample
rs0026,notinAGNsample
rf0789,notinAGNsample
rf0395,notinAGNsample
rs1420,notinAGNsample
rf0209,notinAGNsample
rf0393,notinAGNsample
rs1421,notinAGNsample
rf0580,notinAGNsample
rs0119,notinAGNsample
rf0526,notinAGNsample
rf0390,notinAGNsample
rf0180,defstarform
rs0051,defstarform
rf0778,notinAGNsample
rf0391,notinAGNsample
rf0402,notinAGNsample
rf0403,defstarform
rf0369,notinAGNsample
rf0368,defstarform
rf0406,notinAGNsample
rf0407,notinAGNsample
rf0404,notinAGNsample
rf0405,notinAGNsample
rf0363,defstarform
rf0362,notinAGNsample
rf0361,notinAGNsample
rf0360,notinAGNsample
rf0367,notinAGNsample
rf0587,notinAGNsample
rf0365,defstarform
rf0364,defstarform
rs0155,notinAGNsample
rs0154,notinAGNsample
rs0157,notinAGNsample
rs0156,defstarform
rs0151,notinAGNsample
rs0150,sftoagn
rs0153,notinAGNsample
rs0152,notinAGNsample
rs0652,notinAGNsample
rs0653,notinAGNsample
rs0650,composite
rs0651,notinAGNsample
rs0159,composite
rs0158,notinAGNsample
rs0654,notinAGNsample
rs0655,notinAGNsample
rs0058,notinAGNsample
rf0398,notinAGNsample
rs0059,notinAGNsample
rs0458,notinAGNsample
rf0586,notinAGNsample
rf0528,notinAGNsample
rs0459,notinAGNsample
rs0731,defstarform
rs0730,notinAGNsample
rs0733,notinAGNsample
rs0732,notinAGNsample
rs1170,notinAGNsample
rs0734,defstarform
rs0737,notinAGNsample
rs0736,notinAGNsample
rs0739,notinAGNsample
rs0738,defstarform
rs1491,notinAGNsample
rs1178,defstarform
rs1179,defstarform
rs0579,notinAGNsample
rf0676,notinAGNsample
rf0318,notinAGNsample
rf0319,defagn
rf0316,notinAGNsample
rf0317,notinAGNsample
rf0314,notinAGNsample
rf0315,defagn
rf0312,notinAGNsample
rf0313,notinAGNsample
rf0310,notinAGNsample
rf0311,notinAGNsample
rf0499,defstarform
rf0058,notinAGNsample
rs1139,notinAGNsample
rs0452,defstarform
rs1445,notinAGNsample
rf0491,notinAGNsample
rs1490,notinAGNsample
rf0493,notinAGNsample
rs0758,notinAGNsample
rs0578,notinAGNsample
rf0494,notinAGNsample
rf0497,notinAGNsample
rf0496,defstarform
rf0268,notinAGNsample
rf0638,notinAGNsample
rf0241,defstarform
rf0215,notinAGNsample
rs0542,notinAGNsample
rs0543,notinAGNsample
rs0540,notinAGNsample
rs0541,defstarform
rs0546,notinAGNsample
rs0547,notinAGNsample
rs0545,notinAGNsample
rs1013,notinAGNsample
rs1012,notinAGNsample
rs0548,notinAGNsample
rs0549,defstarform
rs1017,notinAGNsample
rs1016,defstarform
rs1015,notinAGNsample
rs1014,defstarform
rs0784,notinAGNsample
rs0785,notinAGNsample
rs0786,notinAGNsample
rs0787,notinAGNsample
rs0429,defstarform
rs0428,notinAGNsample
rs0782,defstarform
rs0783,notinAGNsample
rs0425,defstarform
rs0424,defstarform
rs0427,notinAGNsample
rs0426,notinAGNsample
rs0421,sftoagn
rs0420,notinAGNsample
rs0423,notinAGNsample
rs0422,defstarform
rf0385,defstarform
rf0384,notinAGNsample
rf0228,notinAGNsample
rf0229,notinAGNsample
rf0381,notinAGNsample
rf0581,notinAGNsample
rf0383,defstarform
rf0382,notinAGNsample
rf0222,notinAGNsample
rf0223,defstarform
rf0220,notinAGNsample
rf0221,notinAGNsample
rf0226,notinAGNsample
rf0227,notinAGNsample
rf0224,notinAGNsample
rf0225,notinAGNsample
rf0115,notinAGNsample
rf0779,notinAGNsample
rf0201,defstarform
rs1307,notinAGNsample
rs1306,notinAGNsample
rs1305,notinAGNsample
rs1304,notinAGNsample
rs1268,notinAGNsample
rs1269,notinAGNsample
rs1301,notinAGNsample
rs1300,notinAGNsample
rs1264,defstarform
rs1265,notinAGNsample
rs1266,defstarform
rs1267,defstarform
rs1260,notinAGNsample
rs1261,notinAGNsample
rs1262,notinAGNsample
rs1263,notinAGNsample
rs1068,notinAGNsample
rs1069,notinAGNsample
rs1066,notinAGNsample
rs1067,notinAGNsample
rs1064,notinAGNsample
rs1065,notinAGNsample
rs1062,defstarform
rs1063,notinAGNsample
rs1060,defstarform
rs1061,notinAGNsample
rs0490,notinAGNsample
rs0491,notinAGNsample
rs0492,notinAGNsample
rs0493,defstarform
rs0494,notinAGNsample
rs0495,defstarform
rs0496,notinAGNsample
rs0497,notinAGNsample
rs0498,notinAGNsample
rs0499,notinAGNsample
rs0944,defstarform
rs0945,notinAGNsample
rs0942,notinAGNsample
rs0943,notinAGNsample
rs0940,notinAGNsample
rs0941,notinAGNsample
rs1318,notinAGNsample
rf0578,notinAGNsample
rs1319,notinAGNsample
rf0387,notinAGNsample
rf0753,notinAGNsample
rf0750,notinAGNsample
rf0618,notinAGNsample
rf0350,notinAGNsample
rf0617,notinAGNsample
rf0351,defstarform
rf0148,notinAGNsample
rs1312,notinAGNsample
rf0626,notinAGNsample
rs1313,notinAGNsample
rf0468,notinAGNsample
rf0758,notinAGNsample
rs0098,defstarform
rf0291,notinAGNsample
rs0099,notinAGNsample
rf0050,notinAGNsample
rf0359,notinAGNsample
rs1428,notinAGNsample
rf0202,notinAGNsample
rf0021,notinAGNsample
rs1286,notinAGNsample
rs1287,notinAGNsample
rs1284,defstarform
rs1285,notinAGNsample
rs1282,notinAGNsample
rs1283,notinAGNsample
rs1280,notinAGNsample
rs1281,notinAGNsample
rs1288,notinAGNsample
rs1289,defstarform
rf0792,notinAGNsample
rf0169,defstarform
rf0790,notinAGNsample
rf0791,notinAGNsample
rs0238,notinAGNsample
rs0239,notinAGNsample
rf0794,notinAGNsample
rf0595,notinAGNsample
rs0234,notinAGNsample
rs0235,notinAGNsample
rs0236,notinAGNsample
rs0237,defstarform
rs0230,notinAGNsample
rs0231,defstarform
rs0232,notinAGNsample
rs0233,notinAGNsample
rf0597,notinAGNsample
rs0449,notinAGNsample
rf0459,defstarform
rs0093,defstarform
rf0052,notinAGNsample
rf0591,notinAGNsample
rs1515,notinAGNsample
rf0168,notinAGNsample
rf0593,notinAGNsample
rf0054,notinAGNsample
rf0669,notinAGNsample
rf0592,notinAGNsample
rf0099,notinAGNsample
rf0409,notinAGNsample
rf0454,notinAGNsample
rf0055,notinAGNsample
rf0533,notinAGNsample
rf0630,defstarform
rf0732,notinAGNsample
rf0598,notinAGNsample
rf0733,notinAGNsample
rf0599,notinAGNsample
rs0308,notinAGNsample
rs0309,notinAGNsample
rf0453,notinAGNsample
rs0300,notinAGNsample
rs0301,notinAGNsample
rs0302,notinAGNsample
rs0303,notinAGNsample
rs0304,notinAGNsample
rs0305,notinAGNsample
rs0306,defstarform
rs0307,notinAGNsample
rf0709,notinAGNsample
rf0708,notinAGNsample
rf0105,notinAGNsample
rf0701,notinAGNsample
rf0700,notinAGNsample
rf0703,notinAGNsample
rf0702,notinAGNsample
rf0705,notinAGNsample
rf0704,notinAGNsample
rf0707,defstarform
rf0706,notinAGNsample
rf0057,notinAGNsample
rs1425,notinAGNsample
rf0203,notinAGNsample
rs1462,notinAGNsample
rs0528,defstarform
rs1460,notinAGNsample
rs1461,notinAGNsample
rs1466,notinAGNsample
rs1467,notinAGNsample
rs1464,notinAGNsample
rs0529,defstarform
rs1468,notinAGNsample
rs1469,notinAGNsample
rs0014,notinAGNsample
rs0015,notinAGNsample
rs0016,notinAGNsample
rs0017,notinAGNsample
rs0010,sftoagn
rs0011,notinAGNsample
rs0012,defstarform
rs0013,defstarform
rs1422,notinAGNsample
rf0474,defstarform
rs0018,notinAGNsample
rs0019,notinAGNsample
rf0635,notinAGNsample
rf0532,notinAGNsample
rf0637,notinAGNsample
rf0636,notinAGNsample
rf0631,notinAGNsample
rf0088,notinAGNsample
rs0399,notinAGNsample
rs0398,notinAGNsample
rs0397,notinAGNsample
rs0396,notinAGNsample
rs0395,notinAGNsample
rs0394,defstarform
rs0393,defstarform
rs0392,defstarform
rs0391,defstarform
rs0390,notinAGNsample
rs0520,defstarform
rf0531,notinAGNsample
rs1423,notinAGNsample
rs0521,notinAGNsample
rf0536,notinAGNsample
rf0084,notinAGNsample
rf0537,notinAGNsample
rf0085,notinAGNsample
rf0534,notinAGNsample
rf0098,notinAGNsample
rf0260,notinAGNsample
rf0082,notinAGNsample
rf0535,notinAGNsample
rf0083,notinAGNsample
rf0411,notinAGNsample
rf0410,notinAGNsample
rf0413,defstarform
rf0412,notinAGNsample
rf0415,defstarform
rf0080,notinAGNsample
rf0417,notinAGNsample
rf0416,notinAGNsample
rf0419,defstarform
rf0418,notinAGNsample
rf0081,notinAGNsample
rf0077,defstarform
rf0538,notinAGNsample
rf0324,defagn
rf0797,notinAGNsample
rs0649,notinAGNsample
rs0161,notinAGNsample
rs0162,notinAGNsample
rs0163,defstarform
rs0164,notinAGNsample
rs0165,defstarform
rs0166,notinAGNsample
rs0167,defstarform
rs0641,notinAGNsample
rs0640,notinAGNsample
rs0643,notinAGNsample
rs0642,notinAGNsample
rs0645,notinAGNsample
rs0644,notinAGNsample
rs0647,notinAGNsample
rs0646,notinAGNsample
rf0161,notinAGNsample
rf0764,notinAGNsample
rf0799,notinAGNsample
rs0067,notinAGNsample
rs1163,defstarform
rs1162,notinAGNsample
rs1161,notinAGNsample
rs1160,notinAGNsample
rs1167,notinAGNsample
rs1166,notinAGNsample
rs1165,notinAGNsample
rs1164,notinAGNsample
rs0704,notinAGNsample
rs0705,notinAGNsample
rs1169,defstarform
rs1168,composite
rs0700,notinAGNsample
rs0701,notinAGNsample
rs0702,notinAGNsample
rs0703,notinAGNsample
rf0187,notinAGNsample
rs0440,defagn
rf0162,notinAGNsample
rf0309,composite
rf0308,notinAGNsample
rf0186,notinAGNsample
rf0305,notinAGNsample
rf0165,notinAGNsample
rf0307,notinAGNsample
rf0306,defstarform
rf0301,notinAGNsample
rf0185,notinAGNsample
rf0303,notinAGNsample
rf0164,defstarform
rf0184,notinAGNsample
rf0163,notinAGNsample
rf0183,notinAGNsample
rf0166,defagn
rs0071,notinAGNsample
rf0181,notinAGNsample
rf0577,notinAGNsample
rs0069,notinAGNsample
rs1109,defstarform
rs0107,composite
rs0551,notinAGNsample
rs0550,notinAGNsample
rs0553,notinAGNsample
rs0552,notinAGNsample
rs0555,defstarform
rs0554,defstarform
rs0557,notinAGNsample
rs0556,defstarform
rs0559,defstarform
rs0558,notinAGNsample
rs1116,defagn
rs1117,defstarform
rs0791,notinAGNsample
rs1115,notinAGNsample
rs0825,notinAGNsample
rs0796,notinAGNsample
rs0827,notinAGNsample
rs1111,defagn
rs0829,notinAGNsample
rs0828,notinAGNsample
rs0799,notinAGNsample
rs0798,composite
rs0414,notinAGNsample
rs0415,notinAGNsample
rs1118,composite
rs1119,notinAGNsample
rf0239,notinAGNsample
rf0238,notinAGNsample
rf0076,notinAGNsample
rs0953,notinAGNsample
rf0760,notinAGNsample
rs0811,notinAGNsample
rf0231,notinAGNsample
rf0230,notinAGNsample
rf0233,notinAGNsample
rf0232,notinAGNsample
rf0235,notinAGNsample
rf0048,defstarform
rf0237,defstarform
rf0236,defstarform
rf0042,notinAGNsample
rf0170,notinAGNsample
rs0568,notinAGNsample
rs1372,notinAGNsample
rs1373,notinAGNsample
rs1370,notinAGNsample
rs1110,defstarform
rs1376,notinAGNsample
rs1377,notinAGNsample
rs1374,notinAGNsample
rs1375,notinAGNsample
rs1272,notinAGNsample
rs1271,notinAGNsample
rs1379,notinAGNsample
rs1277,notinAGNsample
rs1276,defstarform
rs1275,notinAGNsample
rs1079,notinAGNsample
rs1078,notinAGNsample
rs0569,notinAGNsample
rs1075,composite
rs1074,defstarform
rs1077,notinAGNsample
rs1076,notinAGNsample
rs1071,notinAGNsample
rs1070,defstarform
rs1073,notinAGNsample
rs1072,defstarform
rs0894,notinAGNsample
rs0895,notinAGNsample
rs0896,defagn
rs0897,notinAGNsample
rs0890,notinAGNsample
rs0891,notinAGNsample
rs0489,notinAGNsample
rs0488,notinAGNsample
rs0487,notinAGNsample
rs0486,notinAGNsample
rs0485,defstarform
rs0956,notinAGNsample
rs0951,notinAGNsample
rs0950,defstarform
rs0481,notinAGNsample
rs0480,notinAGNsample
rs1124,notinAGNsample
rf0329,notinAGNsample
rf0472,notinAGNsample
rs1123,notinAGNsample
rf0473,notinAGNsample
rs1122,notinAGNsample
rs1121,defstarform
rs1278,notinAGNsample
rs0747,notinAGNsample
rf0574,notinAGNsample
rf0328,defstarform
rs1208,notinAGNsample
rs1209,defstarform
rs1206,notinAGNsample
rs1207,defstarform
rs1204,notinAGNsample
rs1205,notinAGNsample
rs1202,notinAGNsample
rs1203,notinAGNsample
rs1200,defstarform
rs1201,notinAGNsample
rf0685,notinAGNsample
rf0603,notinAGNsample
rs1329,notinAGNsample
rf0622,notinAGNsample
rf0605,notinAGNsample
rf0267,defstarform
rs1295,notinAGNsample
rs1294,notinAGNsample
rs1297,defstarform
rs1296,defstarform
rs1291,defstarform
rs1290,defstarform
rs1293,defstarform
rs1292,notinAGNsample
rs0508,defstarform
rs1299,notinAGNsample
rs1298,notinAGNsample
rf0289,notinAGNsample
rf0781,notinAGNsample
rf0780,notinAGNsample
rf0783,notinAGNsample
rs0228,defstarform
rf0785,notinAGNsample
rf0784,notinAGNsample
rf0787,notinAGNsample
rs0482,notinAGNsample
rs0223,notinAGNsample
rs0222,notinAGNsample
rs0221,defstarform
rs0220,defstarform
rs0227,notinAGNsample
rs0226,defstarform
rs0225,defstarform
rs0224,notinAGNsample
rf0284,defstarform
rf0285,notinAGNsample
rf0492,notinAGNsample
rf0286,notinAGNsample
rs0821,notinAGNsample
rf0287,composite
rf0095,notinAGNsample
rf0040,defstarform
rf0281,notinAGNsample
rf0530,notinAGNsample
rs0775,sftoagn
rf0282,notinAGNsample
rs0560,defstarform
rf0283,defstarform
rs0820,notinAGNsample
rs0317,notinAGNsample
rs0316,defstarform
rs0315,composite
rs0314,notinAGNsample
rs0313,notinAGNsample
rs0312,notinAGNsample
rs0311,notinAGNsample
rs0310,notinAGNsample
rs0094,defstarform
rs0095,defstarform
rs0096,defstarform
rs0097,defstarform
rs0090,defstarform
rs0091,notinAGNsample
rs0092,defstarform
rs0318,defstarform
rf0734,notinAGNsample
rs0774,notinAGNsample
rf0736,notinAGNsample
rf0737,notinAGNsample
rf0730,notinAGNsample
rf0731,notinAGNsample
rs0258,notinAGNsample
rs0259,defstarform
rs0256,defstarform
rs0257,notinAGNsample
rs0254,notinAGNsample
rs0255,notinAGNsample
rs0252,notinAGNsample
rs0253,notinAGNsample
rs0250,notinAGNsample
rs0251,notinAGNsample
rf0448,notinAGNsample
rf0049,notinAGNsample
rf0288,notinAGNsample
rf0046,notinAGNsample
rf0546,notinAGNsample
rf0449,notinAGNsample
rs1020,notinAGNsample
rf0371,notinAGNsample
rs1021,defstarform
rs0562,notinAGNsample
rs0822,notinAGNsample
rs1502,notinAGNsample
rs1471,notinAGNsample
rs1470,notinAGNsample
rs1473,notinAGNsample
rs1472,notinAGNsample
rs1475,notinAGNsample
rs1474,notinAGNsample
rs1477,notinAGNsample
rs1476,notinAGNsample
rs1479,notinAGNsample
rs1478,notinAGNsample
rs1270,defstarform
rs0776,notinAGNsample
rs0003,defstarform
rs0002,notinAGNsample
rs0001,defstarform
rs0883,notinAGNsample
rs0007,notinAGNsample
rs0006,notinAGNsample
rs0005,notinAGNsample
rs0004,notinAGNsample
rs1505,notinAGNsample
rs0009,notinAGNsample
rf0441,notinAGNsample
rs1028,notinAGNsample
rf0600,notinAGNsample
rf0601,notinAGNsample
rf0602,notinAGNsample
rs1029,defstarform
rf0044,notinAGNsample
rf0606,notinAGNsample
rf0607,notinAGNsample
rf0608,notinAGNsample
rf0609,notinAGNsample
rf0692,notinAGNsample
rs0882,notinAGNsample
rf0518,notinAGNsample
rs0824,notinAGNsample
rs1504,notinAGNsample
rf0479,defstarform
rf0073,defstarform
rf0045,defstarform
rf0072,defstarform
rf0071,notinAGNsample
rs0674,notinAGNsample
rs0675,notinAGNsample
rs0676,notinAGNsample
rs0677,notinAGNsample
rs0670,notinAGNsample
rs0671,defstarform
rs0672,agntosf
rs0673,notinAGNsample
rf0424,notinAGNsample
rs0906,defstarform
rf0426,notinAGNsample
rf0358,defstarform
rs0678,notinAGNsample
rs0679,defstarform
rf0549,notinAGNsample
rs0907,notinAGNsample
rs0077,notinAGNsample
rs0074,notinAGNsample
rs0075,notinAGNsample
rs0072,notinAGNsample
rs0073,notinAGNsample
rs0070,notinAGNsample
rs0178,defstarform
rs0177,notinAGNsample
rs0176,notinAGNsample
rs0175,defstarform
rs0174,notinAGNsample
rs0173,notinAGNsample
rs0172,defstarform
rs0078,notinAGNsample
rs0170,defstarform
rs1506,notinAGNsample
rf0544,notinAGNsample
rf0478,notinAGNsample
rf0543,notinAGNsample
rs0219,notinAGNsample
rf0192,notinAGNsample
rs0908,notinAGNsample
rf0542,notinAGNsample
rs0909,sftoagn
rf0541,notinAGNsample
rf0177,notinAGNsample
rs0501,notinAGNsample
rf0150,notinAGNsample
rf0540,notinAGNsample
rf0193,notinAGNsample
rf0104,notinAGNsample
rs0719,notinAGNsample
rs0718,notinAGNsample
rs1198,defstarform
rs1199,notinAGNsample
rs0713,notinAGNsample
rs1197,composite
rs0711,notinAGNsample
rs1195,sftoagn
rs0717,notinAGNsample
rs0716,notinAGNsample
rs0715,notinAGNsample
rs0714,notinAGNsample
rf0338,sftoagn
rf0339,defstarform
rf0427,notinAGNsample
rf0172,notinAGNsample
rf0330,notinAGNsample
rf0208,notinAGNsample
rf0332,defstarform
rf0194,notinAGNsample
rf0334,notinAGNsample
rf0277,notinAGNsample
rf0336,notinAGNsample
rf0337,notinAGNsample
rf0179,defstarform
rf0422,notinAGNsample
rf0271,defagn
rf0656,notinAGNsample
rf0548,notinAGNsample
rf0270,notinAGNsample
rf0323,notinAGNsample
rf0477,sftoagn
rf0519,notinAGNsample
rs0407,notinAGNsample
rs0406,composite
rs0405,notinAGNsample
rs0404,notinAGNsample
rs0403,notinAGNsample
rs0402,notinAGNsample
rs0401,notinAGNsample
rf0173,notinAGNsample
rs0564,notinAGNsample
rs0565,notinAGNsample
rs0566,defstarform
rs0567,notinAGNsample
rs0413,notinAGNsample
rs0561,notinAGNsample
rs0409,notinAGNsample
rs0408,defstarform
rs1105,sftoagn
rs1104,notinAGNsample
rs1107,notinAGNsample
rs1106,defagn
rs1101,notinAGNsample
rs0819,notinAGNsample
rs1103,defstarform
rs1102,defstarform
rs0766,notinAGNsample
rs0815,defstarform
rs0816,notinAGNsample
rs0765,notinAGNsample
rs0810,notinAGNsample
rs0763,defstarform
rs0812,defstarform
rs0813,notinAGNsample
rs0471,notinAGNsample
rf0174,notinAGNsample
rf0261,notinAGNsample
rf0175,notinAGNsample
rs0931,notinAGNsample
rf0171,notinAGNsample
rs1342,notinAGNsample
rf0197,defstarform
rs1463,notinAGNsample
rf0060,defstarform
rs1361,notinAGNsample
rs1360,notinAGNsample
rs1363,notinAGNsample
rs1362,notinAGNsample
rs1365,notinAGNsample
rs1364,notinAGNsample
rs1367,notinAGNsample
rs1366,notinAGNsample
rs1369,notinAGNsample
rs1368,notinAGNsample
rs0079,notinAGNsample
rs0571,defstarform
rf0373,notinAGNsample
rf0176,defstarform
rs1048,notinAGNsample
rs1049,notinAGNsample
rs0570,notinAGNsample
rs1040,notinAGNsample
rs1041,notinAGNsample
rs1042,notinAGNsample
rs1043,notinAGNsample
rs1044,notinAGNsample
rs1045,notinAGNsample
rs1046,defagn
rs1047,sftoagn
rs0968,notinAGNsample
rs0969,notinAGNsample
rs0881,notinAGNsample
rs0880,notinAGNsample
rs0887,notinAGNsample
rs0886,notinAGNsample
rs0885,notinAGNsample
rs0884,notinAGNsample
rs0960,defstarform
rs0961,notinAGNsample
rs0962,notinAGNsample
rs0963,notinAGNsample
rs0964,notinAGNsample
rs0965,notinAGNsample
rs0966,notinAGNsample
rs0967,defstarform
rf0198,notinAGNsample
rf0199,notinAGNsample
rs1126,defstarform
rs0809,defstarform
rs0808,defagn
rs0779,defstarform
rf0723,notinAGNsample
rs0778,defstarform
rs1219,notinAGNsample
rs1218,notinAGNsample
rs1215,notinAGNsample
rs1214,defagn
rs1217,notinAGNsample
rs1216,notinAGNsample
rs1211,notinAGNsample
rs1210,notinAGNsample
rs1213,notinAGNsample
rs1212,defstarform
rs0586,defstarform
rs0587,notinAGNsample
rs0584,notinAGNsample
rs0585,notinAGNsample
rs0582,composite
rs0583,notinAGNsample
rs0580,notinAGNsample
rs0581,notinAGNsample
rf0722,notinAGNsample
rf0121,notinAGNsample
rs0777,notinAGNsample
rs0588,notinAGNsample
rs0589,notinAGNsample
rf0131,notinAGNsample
rs0800,notinAGNsample
rf0697,notinAGNsample
rs1018,notinAGNsample
rs0771,notinAGNsample
rf0062,defstarform
rs0770,notinAGNsample
rf0119,notinAGNsample
rs0930,sftoagn
rs1496,notinAGNsample
rs0773,notinAGNsample
rf0583,notinAGNsample
rs0772,notinAGNsample
rs0430,defstarform
rf0079,notinAGNsample
rf0039,notinAGNsample
rf0097,notinAGNsample
rf0803,notinAGNsample
rs1465,notinAGNsample
rf0043,notinAGNsample
rf0093,notinAGNsample
rf0786,notinAGNsample
rs0381,notinAGNsample
rs0431,notinAGNsample
rf0038,notinAGNsample
rf0096,notinAGNsample
rf0634,notinAGNsample
rs0837,notinAGNsample
rf0037,notinAGNsample
rf0212,notinAGNsample
rs0659,notinAGNsample
rf0801,notinAGNsample
rf0633,notinAGNsample
rf0125,defstarform
rf0632,notinAGNsample
rf0726,notinAGNsample
rf0788,notinAGNsample
rf0490,notinAGNsample
rf0036,notinAGNsample
rs0362,notinAGNsample
rs0363,notinAGNsample
rs0089,defstarform
rs0361,notinAGNsample
rs0366,notinAGNsample
rs0367,notinAGNsample
rs0364,defstarform
rs0365,notinAGNsample
rs0083,notinAGNsample
rs0082,notinAGNsample
rs0081,defstarform
rs0080,notinAGNsample
rs0087,defstarform
rs0086,notinAGNsample
rs0085,notinAGNsample
rs0084,notinAGNsample
rf0688,notinAGNsample
rs1196,notinAGNsample
rf0721,notinAGNsample
rf0720,notinAGNsample
rs0249,notinAGNsample
rs0248,notinAGNsample
rf0120,notinAGNsample
rs0712,notinAGNsample
rs0245,notinAGNsample
rs0244,defagn
rs0247,defstarform
rs0246,defstarform
rs0241,defstarform
rs1194,notinAGNsample
rs0243,defstarform
rs0242,defstarform
rf0091,notinAGNsample
rs0710,notinAGNsample
rs1192,notinAGNsample
rf0582,notinAGNsample
rs1193,notinAGNsample
rs1190,notinAGNsample
rf0190,composite
rs1191,defstarform
rf0092,defstarform
rs1448,notinAGNsample
rs1449,notinAGNsample
rs1444,notinAGNsample
rs0830,notinAGNsample
rs1446,notinAGNsample
rs1447,notinAGNsample
rs1440,notinAGNsample
rs1441,notinAGNsample
rs1442,notinAGNsample
rs1443,notinAGNsample
rf0495,notinAGNsample
rf0160,notinAGNsample
rf0756,notinAGNsample
rf0152,notinAGNsample
rf0755,notinAGNsample
rf0752,notinAGNsample
rf0740,notinAGNsample
rf0619,notinAGNsample
rs0831,notinAGNsample
rs1511,notinAGNsample
rf0616,notinAGNsample
rf0615,notinAGNsample
rf0614,notinAGNsample
rf0613,notinAGNsample
rf0612,notinAGNsample
rf0611,notinAGNsample
rf0759,notinAGNsample
rf0138,defagn
rf0650,notinAGNsample
rf0211,notinAGNsample
rs1358,notinAGNsample
rf0124,notinAGNsample
rs1359,defstarform
rf0333,notinAGNsample
rs0836,notinAGNsample
rf0729,notinAGNsample
rf0452,notinAGNsample
rf0654,notinAGNsample
rf0335,notinAGNsample
rs0663,notinAGNsample
rs0662,notinAGNsample
rs0661,notinAGNsample
rs0660,defstarform
rs0667,notinAGNsample
rs0666,notinAGNsample
rs0665,notinAGNsample
rs0664,notinAGNsample
rf0433,notinAGNsample
rf0432,notinAGNsample
rs0669,notinAGNsample
rs0668,notinAGNsample
rf0437,notinAGNsample
rf0659,notinAGNsample
rf0435,notinAGNsample
rf0434,notinAGNsample
rs0065,notinAGNsample
rs0064,notinAGNsample
rs0108,notinAGNsample
rs0109,defagn
rf0728,notinAGNsample
rs0060,notinAGNsample
rs0063,notinAGNsample
rs0062,defstarform
rs0102,notinAGNsample
rs0103,notinAGNsample
rs0100,notinAGNsample
rs0101,notinAGNsample
rs0106,notinAGNsample
rs0068,notinAGNsample
rs0104,defstarform
rs0105,notinAGNsample
rf0645,notinAGNsample
rf0594,notinAGNsample
rs1352,notinAGNsample
rf0090,notinAGNsample
rs1353,notinAGNsample
rf0331,notinAGNsample
rf0064,defstarform
rs1514,notinAGNsample
rf0065,defstarform
rf0066,notinAGNsample
rf0327,notinAGNsample
rf0326,notinAGNsample
rf0325,notinAGNsample
rf0067,notinAGNsample
rs1189,notinAGNsample
rs1188,defstarform
rf0321,notinAGNsample
rf0320,defstarform
rs1185,defstarform
rs1184,notinAGNsample
rs1187,defstarform
rs1186,notinAGNsample
rs1181,notinAGNsample
rs1180,notinAGNsample
rs1183,notinAGNsample
rs1182,defstarform
rs0616,notinAGNsample
rs0617,notinAGNsample
rs0614,notinAGNsample
rs0615,notinAGNsample
rs0612,defagn
rs0613,notinAGNsample
rs0610,notinAGNsample
rs0611,notinAGNsample
rf0446,notinAGNsample
rf0447,notinAGNsample
rf0444,defagn
rs0509,notinAGNsample
rf0443,notinAGNsample
rs0618,notinAGNsample
rs0619,notinAGNsample
rf0234,defstarform
rf0108,defstarform
rf0710,notinAGNsample
rf0414,notinAGNsample
rf0711,notinAGNsample
rs0213,notinAGNsample
rf0068,notinAGNsample
rf0069,notinAGNsample
rs0472,sftoagn
rs0473,defstarform
rs0470,notinAGNsample
rs0211,notinAGNsample
rs0476,notinAGNsample
rs0477,defstarform
rs0474,notinAGNsample
rs0475,notinAGNsample
rs0573,defstarform
rs0572,notinAGNsample
rs0478,notinAGNsample
rs0479,notinAGNsample
rs0577,notinAGNsample
rs0576,notinAGNsample
rs0575,notinAGNsample
rs0574,defstarform
rs1130,notinAGNsample
rs1131,defstarform
rs1132,notinAGNsample
rs1133,notinAGNsample
rs1134,notinAGNsample
rs1135,notinAGNsample
rs1136,notinAGNsample
rs1137,defstarform
rs0803,notinAGNsample
rs0802,notinAGNsample
rs0801,notinAGNsample
rs0215,defstarform
rs0807,notinAGNsample
rs0806,defstarform
rs0805,defstarform
rs0804,defstarform
rf0106,notinAGNsample
rs1518,notinAGNsample
rs0351,defagn
rf0263,defstarform
rs0160,notinAGNsample
rs0988,notinAGNsample
rs0989,notinAGNsample
rf0109,notinAGNsample
rs0648,notinAGNsample
rs0982,notinAGNsample
rs0983,defstarform
rs0980,notinAGNsample
rs0981,defstarform
rs0986,notinAGNsample
rs0987,notinAGNsample
rs0984,defstarform
rs0985,defstarform
rs1057,notinAGNsample
rs1056,notinAGNsample
rs1055,defstarform
rs1054,notinAGNsample
rs1053,notinAGNsample
rs1052,defstarform
rs1051,notinAGNsample
rs1050,defstarform
rs1354,notinAGNsample
rs1355,notinAGNsample
rs1356,notinAGNsample
rs1357,notinAGNsample
rs1350,notinAGNsample
rs1351,notinAGNsample
rs1059,notinAGNsample
rs1058,notinAGNsample
rs0977,notinAGNsample
rs0976,defstarform
rs0975,notinAGNsample
rs0974,composite
rs0973,notinAGNsample
rs0972,notinAGNsample
rs0971,notinAGNsample
rs0970,defstarform
rs0506,notinAGNsample
rs0507,notinAGNsample
rs0504,notinAGNsample
rs0505,defstarform
rs0502,notinAGNsample
rs0503,composite
rs0979,notinAGNsample
rs0978,composite
rf0266,defstarform
rs0168,defstarform
rf0264,notinAGNsample
rf0265,defstarform
rf0262,notinAGNsample
rf0101,notinAGNsample
rs0878,notinAGNsample
rs0879,notinAGNsample
rs0876,notinAGNsample
rs0877,notinAGNsample
rs0874,notinAGNsample
rs0875,notinAGNsample
rs0872,notinAGNsample
rs0873,notinAGNsample
rs0870,notinAGNsample
rs0871,defstarform
